{"Ni40Fe20Cr40_6": [-223.240513177891], "Ni40Fe20Cr40_1": [-223.68476314495], "Ni60Fe20Cr20_10": [-214.174443931673], "Ni10Fe80Cr10_12": [-226.049645222535], "Ni20Fe20Cr60_1": [-232.611164649748], "Ni20Fe40Cr40_12": [-231.621979989319], "Ni60Fe20Cr20_12": [-214.33372337589], "Ni60Fe20Cr20_3": [-214.300241239905], "Ni20Fe20Cr60_3": [-232.460273913641], "Ni80Fe10Cr10_13": [-206.134633929113], "Ni40Fe40Cr20_7": [-222.00387346697], "Ni20Fe40Cr40_7": [-231.496024424349], "Ni20Fe20Cr60_7": [-232.216486887424], "Ni20Fe40Cr40_3": [-231.457508487886], "Ni80Fe10Cr10_4": [-206.410386069264], "Ni60Fe20Cr20_9": [-214.415275122481], "Ni40Fe40Cr20_3": [-221.691003806665], "Ni10Fe80Cr10_11": [-226.074360943113], "Ni80Fe10Cr10_6": [-206.368535315282], "Ni10Fe80Cr10_5": [-226.047732742576], "Ni40Fe40Cr20_6": [-222.466024523361], "Ni20Fe20Cr60_12": [-232.437187696549], "Ni40Fe20Cr40_0": [-223.617034065323], "Ni10Fe10Cr80_9": [-236.934617832317], "Ni20Fe20Cr60_4": [-232.292150127498], "Ni40Fe20Cr40_13": [-223.565040326465], "Ni20Fe40Cr40_6": [-232.123395789765], "Ni20Fe60Cr20_2": [-227.491368602049], "Ni10Fe10Cr80_3": [-236.845481075574], "Ni40Fe20Cr40_3": [-223.986642146189], "Ni20Fe40Cr40_8": [-231.702679583886], "Ni60Fe20Cr20_5": [-214.429924469733], "Ni60Fe20Cr20_13": [-213.643484422045], "Ni10Fe80Cr10_8": [-226.531801577036], "Ni20Fe60Cr20_9": [-227.526140395657], "Ni20Fe20Cr60_11": [-232.335851993689], "Ni40Fe40Cr20_13": [-222.288780665299], "Ni80Fe10Cr10_3": [-206.288348710363], "Ni20Fe60Cr20_11": [-227.41000394915], "Ni10Fe10Cr80_1": [-236.906813299031], "Ni40Fe20Cr40_8": [-223.800614902151], "Ni40Fe40Cr20_10": [-221.701415624734], "Ni60Fe20Cr20_1": [-214.724476133982], "Ni20Fe60Cr20_5": [-227.433104223786], "Ni60Fe20Cr20_6": [-214.102203689503], "Ni10Fe80Cr10_13": [-225.877235958235], "Ni20Fe40Cr40_13": [-231.366446015956], "Ni40Fe20Cr40_11": [-223.847820812663], "Ni20Fe40Cr40_9": [-231.510598276329], "Ni20Fe20Cr60_6": [-232.681550331731], "Ni10Fe10Cr80_2": [-237.009445181149], "Ni20Fe60Cr20_12": [-227.729169171128], "Ni40Fe40Cr20_11": [-221.961452072369], "Ni10Fe80Cr10_0": [-225.991291820728], "Ni10Fe80Cr10_9": [-226.249319051998], "Ni40Fe20Cr40_2": [-223.54901222685], "Ni10Fe10Cr80_10": [-236.859443560801], "Ni80Fe10Cr10_7": [-206.099685378849], "Ni10Fe10Cr80_12": [-236.787945545387], "Ni40Fe40Cr20_8": [-221.356685776371], "Ni20Fe20Cr60_9": [-232.541557728548], "Ni10Fe80Cr10_10": [-226.278986035774], "Ni20Fe40Cr40_1": [-232.093998995659], "Ni10Fe10Cr80_8": [-237.042195521499], "Ni40Fe20Cr40_5": [-223.217446855497], "Ni40Fe40Cr20_9": [-222.001935045623], "Ni20Fe20Cr60_10": [-233.02868000682], "Ni20Fe60Cr20_7": [-227.086954061287], "Ni20Fe20Cr60_0": [-232.698829022329], "Ni20Fe40Cr40_2": [-231.459882882929], "Ni20Fe20Cr60_2": [-232.701336016378], "Ni10Fe10Cr80_13": [-236.959002624269], "Ni40Fe40Cr20_12": [-222.099294670692], "Ni10Fe10Cr80_6": [-236.861819400619], "Ni80Fe10Cr10_11": [-206.385433276237], "Ni40Fe20Cr40_10": [-223.338899684348], "Ni10Fe10Cr80_5": [-236.73642423517], "Ni10Fe80Cr10_2": [-226.029780831684], "Ni20Fe60Cr20_3": [-227.633723077507], "Ni60Fe20Cr20_4": [-214.344030860717], "Ni80Fe10Cr10_0": [-206.373504279248], "Ni40Fe40Cr20_4": [-222.084169923707], "Ni10Fe80Cr10_7": [-226.082614942164], "Ni20Fe60Cr20_13": [-227.303467867835], "Ni40Fe20Cr40_4": [-223.015083273671], "Ni80Fe10Cr10_5": [-206.375226742345], "Ni20Fe60Cr20_6": [-227.999418620209], "Ni80Fe10Cr10_8": [-206.330151398693], "Ni40Fe20Cr40_12": [-223.702107413163], "Ni20Fe20Cr60_5": [-232.818575213928], "Ni10Fe80Cr10_3": [-226.062924283165], "Ni60Fe20Cr20_7": [-214.34950258364], "Ni20Fe60Cr20_4": [-227.784606872056], "Ni40Fe40Cr20_1": [-221.978263312595], "Ni60Fe20Cr20_2": [-214.38256053691], "Ni20Fe40Cr40_5": [-231.64980843532], "Ni10Fe10Cr80_7": [-236.735050267639], "Ni20Fe40Cr40_11": [-231.569152128654], "Ni10Fe80Cr10_4": [-226.358695324662], "Ni20Fe60Cr20_1": [-227.131873959814], "Ni10Fe80Cr10_1": [-226.013452261292], "Ni20Fe40Cr40_0": [-231.75972629966], "Ni40Fe20Cr40_7": [-223.548973761293], "Ni60Fe20Cr20_11": [-214.273999731077], "Ni10Fe10Cr80_11": [-236.848986001509], "Ni20Fe40Cr40_10": [-231.791435535618], "Ni10Fe80Cr10_6": [-226.096427073241], "Ni80Fe10Cr10_9": [-206.473346221719], "Ni40Fe20Cr40_9": [-223.480939358169], "Ni20Fe40Cr40_4": [-231.565292555001], "Ni60Fe20Cr20_8": [-214.318791722698], "Ni60Fe20Cr20_0": [-214.555877098668], "Ni20Fe20Cr60_8": [-232.659768877377], "Ni20Fe20Cr60_13": [-232.896341658198], "Ni20Fe60Cr20_8": [-227.56381730854], "Ni10Fe10Cr80_0": [-237.058173175197], "Ni40Fe40Cr20_5": [-222.07297380586], "Ni80Fe10Cr10_10": [-206.482500476924], "Ni40Fe40Cr20_0": [-222.035119238944], "Ni10Fe10Cr80_4": [-237.002285098981], "Ni80Fe10Cr10_12": [-206.377827367719], "Ni20Fe60Cr20_10": [-227.427865893216], "Ni80Fe10Cr10_1": [-206.4144407981], "Ni20Fe60Cr20_0": [-227.463959483682], "Ni80Fe10Cr10_2": [-206.382048692341], "Ni40Fe40Cr20_2": [-222.197006292365], "NiFe20_7": [-71.9740742715821], "NiFe50_3": [-70.8201512914671], "NiFe20_2": [-71.9740742715821], "NiFe60_1": [-70.9176017803434], "NiFe40_3": [-71.5686181982343], "NiFe60_9": [-70.7999262156495], "NiFe40_7": [-72.3179189035855], "NiFe10_6": [-71.5259856845376], "NiFe80_11": [-69.1603751212929], "NiFe10_13": [-71.5259856845376], "NiFe60_3": [-71.0017209258515], "NiFe30_7": [-72.1860711855478], "NiFe60_4": [-71.2805005128144], "NiFe80_2": [-69.4246019432395], "NiFe20_11": [-71.9838126692128], "NiFe30_1": [-72.0971875197348], "NiFe60_11": [-70.8447082778548], "NiFe50_7": [-71.2757219887767], "NiFe60_8": [-71.2805005128145], "NiFe60_10": [-70.9187438835742], "NiFe20_13": [-71.9838126692128], "NiFe40_5": [-71.7768289511137], "NiFe20_0": [-71.7941359876361], "NiFe30_8": [-71.8954436190267], "NiFe10_1": [-71.5259856845377], "NiFe40_2": [-72.0482625127986], "NiFe60_13": [-70.919024877975], "NiFe80_13": [-69.4455719675785], "NiFe70_12": [-69.7278336097997], "NiFe50_6": [-71.3846769340672], "NiFe70_3": [-69.7375924600462], "NiFe80_3": [-69.2227477444463], "NiFe70_8": [-70.2103627051161], "NiFe40_13": [-71.950063882142], "NiFe30_12": [-72.0124566169494], "NiFe50_2": [-71.0747349936268], "NiFe80_8": [-69.2227477444464], "NiFe70_5": [-70.0416071167678], "NiFe10_8": [-71.5259856845377], "NiFe70_2": [-69.7278336097997], "NiFe40_8": [-71.8615378079891], "NiFe30_13": [-71.9229525374706], "NiFe80_9": [-69.4246019432395], "NiFe40_9": [-71.7765411376422], "NiFe60_0": [-70.9190248779751], "NiFe40_12": [-71.8498985004547], "NiFe50_9": [-71.853954222093], "NiFe70_11": [-69.9190971305532], "NiFe50_12": [-71.1025008138531], "NiFe50_11": [-71.3020291078624], "NiFe70_10": [-69.8482714345419], "NiFe30_6": [-71.8326869699763], "NiFe70_4": [-69.9297806712879], "NiFe10_9": [-71.5259856845376], "NiFe50_4": [-71.4671997190112], "NiFe20_3": [-71.985038360034], "NiFe60_6": [-70.9910883027516], "NiFe10_12": [-71.5259856845376], "NiFe50_0": [-71.2848315232203], "NiFe20_5": [-71.794135987636], "NiFe40_0": [-71.7498064494558], "NiFe70_13": [-70.4034377941307], "NiFe80_6": [-69.4246019432395], "NiFe50_1": [-71.3738480826959], "NiFe20_9": [-71.8678826316449], "NiFe10_3": [-71.5259856845377], "NiFe40_1": [-71.8398664938277], "NiFe10_7": [-71.5259856845376], "NiFe20_1": [-71.9849106766571], "NiFe20_10": [-72.1639414515478], "NiFe20_6": [-71.9838126692128], "NiFe70_0": [-69.8481610918812], "NiFe70_6": [-69.9199035834951], "NiFe80_1": [-69.3438274093603], "NiFe80_4": [-69.1603751212929], "NiFe50_13": [-71.4027075050456], "NiFe10_2": [-71.5259856845376], "NiFe30_10": [-72.0124566169493], "NiFe10_4": [-71.5259856845377], "NiFe50_10": [-71.0637906373185], "NiFe30_11": [-71.9855488432653], "NiFe70_1": [-69.9192561001427], "NiFe20_12": [-71.985038360034], "NiFe60_7": [-70.8727081701401], "NiFe70_9": [-70.0416071167678], "NiFe10_0": [-71.5259856845376], "NiFe40_10": [-71.9574779705415], "NiFe10_10": [-71.5259856845377], "NiFe30_5": [-71.8954436190267], "NiFe30_0": [-71.9956554048838], "NiFe60_5": [-70.9083951999886], "NiFe60_2": [-70.7373828409716],