{"train_loss_step": 8.313379287719727, "train_natom_loss_step": 3.311759655844071e-06, "train_lattice_loss_step": 0.003539477474987507, "train_coord_loss_step": 0.49508118629455566, "train_type_loss_step": 1.369687557220459, "train_kld_loss_step": 43.86930465698242, "train_composition_loss_step": 1.5187885761260986, "_timestamp": 1683809586.8490038, "_runtime": 1062.6995668411255, "_step": 233}